-- STATES
INSERT INTO estados (  nombre) VALUES ('Aguascalientes');
INSERT INTO estados (  nombre) VALUES ('Baja California');
INSERT INTO estados (  nombre) VALUES ('Baja California Sur');
INSERT INTO estados (  nombre) VALUES ('Campeche');
INSERT INTO estados (  nombre) VALUES ('Chiapas');
INSERT INTO estados (  nombre) VALUES ('Chihuahua');
INSERT INTO estados (  nombre) VALUES ('Ciudad de México');
INSERT INTO estados (  nombre) VALUES ( 'Coahuila');
INSERT INTO estados (  nombre) VALUES ( 'Colima');
INSERT INTO estados (  nombre) VALUES ( 'Durango');
INSERT INTO estados (  nombre) VALUES ( 'Estado de México');
INSERT INTO estados (  nombre) VALUES ( 'Guanajuato');
INSERT INTO estados (  nombre) VALUES ('Guerrero');
INSERT INTO estados (  nombre) VALUES ( 'Hidalgo');
INSERT INTO estados (  nombre) VALUES ( 'Jalisco');
INSERT INTO estados (  nombre) VALUES ( 'Michoacán');
INSERT INTO estados (  nombre) VALUES ( 'Morelos');
INSERT INTO estados (  nombre) VALUES ( 'Nayarit');
INSERT INTO estados (  nombre) VALUES ( 'Nuevo León');
INSERT INTO estados (  nombre) VALUES ( 'Oaxaca');
INSERT INTO estados (  nombre) VALUES ('Puebla');
INSERT INTO estados (  nombre) VALUES ( 'Querétaro');
INSERT INTO estados (  nombre) VALUES ('Quintana Roo');
INSERT INTO estados (  nombre) VALUES ( 'San Luis Potosí');
INSERT INTO estados (  nombre) VALUES ( 'Sinaloa');
INSERT INTO estados (  nombre) VALUES ( 'Sonora');
INSERT INTO estados (  nombre) VALUES ( 'Tabasco');
INSERT INTO estados (  nombre) VALUES ( 'Tamaulipas');
INSERT INTO estados (  nombre) VALUES ('Tlaxcala');
INSERT INTO estados (  nombre) VALUES ( 'Veracruz');
INSERT INTO estados (  nombre) VALUES ( 'Yucatán');
INSERT INTO estados (  nombre) VALUES ( 'Zacatecas');


-- MUNICIPALITIES
INSERT INTO municipios (nombre, id_estado) VALUES ( 'San Yolanda los altos', 25);
INSERT INTO municipios (nombre, id_estado) VALUES ( 'Vieja Islas Marshall', 27);
INSERT INTO municipios (nombre, id_estado) VALUES ( 'Vieja Turkmenistán', 03);
INSERT INTO municipios (nombre, id_estado) VALUES ( 'Nueva República Democrática del Congo', 17);
INSERT INTO municipios (nombre, id_estado) VALUES ( 'Nueva China', 32);
INSERT INTO municipios (nombre, id_estado) VALUES ( 'San Aurora de la Montaña', 26);
INSERT INTO municipios (nombre, id_estado) VALUES ( 'San Nancy los bajos', 20);
INSERT INTO municipios (nombre, id_estado) VALUES ( 'Vieja República Centroafricana', 31);
INSERT INTO municipios (nombre, id_estado) VALUES ( 'San Carlota los altos', 23);
INSERT INTO municipios (nombre, id_estado) VALUES ( 'San Paola de la Montaña', 14);
INSERT INTO municipios (nombre, id_estado) VALUES ('San María de la Montaña', 09);
INSERT INTO municipios (nombre, id_estado) VALUES ( 'San Ilse los altos', 19);
INSERT INTO municipios (nombre, id_estado) VALUES ( 'Vieja Dominicana', 09);
INSERT INTO municipios (nombre, id_estado) VALUES ( 'Nueva Argentina', 07);
INSERT INTO municipios (nombre, id_estado) VALUES ('San Martín de la Montaña', 17);
INSERT INTO municipios (nombre, id_estado) VALUES ('Nueva Colombia', 10);
INSERT INTO municipios (nombre, id_estado) VALUES ('Nueva Túnez', 20);
INSERT INTO municipios (nombre, id_estado) VALUES ('San Ofelia los bajos', 7);
INSERT INTO municipios (nombre, id_estado) VALUES ('Nueva Tailandia', 5);
INSERT INTO municipios (nombre, id_estado) VALUES ('San Ricardo los bajos', 22);
INSERT INTO municipios (nombre, id_estado) VALUES ('San Miguel los altos', 31);
INSERT INTO municipios (nombre, id_estado) VALUES ('San Armando los bajos', 7);
INSERT INTO municipios (nombre, id_estado) VALUES ('Vieja República Unida de Tanzanía', 23);
INSERT INTO municipios (nombre, id_estado) VALUES ('San Elias de la Montaña', 28);
INSERT INTO municipios (nombre, id_estado) VALUES ('Vieja Burundi', 21);
INSERT INTO municipios (nombre, id_estado) VALUES ('Vieja Croacia', 14);
INSERT INTO municipios (nombre, id_estado) VALUES ('San Luis de la Montaña', 31);
INSERT INTO municipios (nombre, id_estado) VALUES ('Nueva Trinidad y Tabago', 29);
INSERT INTO municipios (nombre, id_estado) VALUES ('Nueva República Democrática Popular Lao', 17);
INSERT INTO municipios (nombre, id_estado) VALUES ('Nueva Camboya', 4);
INSERT INTO municipios (nombre, id_estado) VALUES ('Nueva Liberia', 1);
INSERT INTO municipios (nombre, id_estado) VALUES ('Vieja Burundi', 6);
INSERT INTO municipios (nombre, id_estado) VALUES ('Nueva Egipto', 26);
INSERT INTO municipios (nombre, id_estado) VALUES ('Nueva Nauru', 1);
INSERT INTO municipios (nombre, id_estado) VALUES ('Nueva Tailandia', 32);
INSERT INTO municipios (nombre, id_estado) VALUES ('Vieja San Vicente y las Granadinas', 22);
INSERT INTO municipios (nombre, id_estado) VALUES ('Vieja Belarús', 16);
INSERT INTO municipios (nombre, id_estado) VALUES ('Nueva Sri Lanka', 21);
INSERT INTO municipios (nombre, id_estado) VALUES ('San Jerónimo los bajos', 5);
INSERT INTO municipios (nombre, id_estado) VALUES ('Nueva Omán', 13);
INSERT INTO municipios (nombre, id_estado) VALUES ('San Alfredo los altos', 15);
INSERT INTO municipios (nombre, id_estado) VALUES ('Vieja Emiratos Árabes Unidos', 16);
INSERT INTO municipios (nombre, id_estado) VALUES ('San Jorge los altos', 10);
INSERT INTO municipios (nombre, id_estado) VALUES ('San Rebeca de la Montaña', 29);
INSERT INTO municipios (nombre, id_estado) VALUES ('Nueva Tailandia', 6);
INSERT INTO municipios (nombre, id_estado) VALUES ('Nueva Israel', 6);
INSERT INTO municipios (nombre, id_estado) VALUES ('San Caridad los altos', 21);
INSERT INTO municipios (nombre, id_estado) VALUES ('San Wendolin de la Montaña', 32);
INSERT INTO municipios (nombre, id_estado) VALUES ('Vieja Tayikistán', 7);
INSERT INTO municipios (nombre, id_estado) VALUES ('San Rebeca los altos', 20);
INSERT INTO municipios (nombre, id_estado) VALUES ('San Violeta los bajos', 19);
INSERT INTO municipios (nombre, id_estado) VALUES ('San Víctor los bajos', 8);
INSERT INTO municipios (nombre, id_estado) VALUES ('Nueva Mongolia', 22);
INSERT INTO municipios (nombre, id_estado) VALUES ('Vieja Vietman', 14);
INSERT INTO municipios (nombre, id_estado) VALUES ('Vieja Chad', 19);
INSERT INTO municipios (nombre, id_estado) VALUES ('Vieja Japón', 29);
INSERT INTO municipios (nombre, id_estado) VALUES ('San Zacarías los bajos', 6);
INSERT INTO municipios (nombre, id_estado) VALUES ('Vieja Líbano', 25);
INSERT INTO municipios (nombre, id_estado) VALUES ('San Uriel de la Montaña', 21);
INSERT INTO municipios (nombre, id_estado) VALUES ('Nueva Trinidad y Tabago', 16);
INSERT INTO municipios (nombre, id_estado) VALUES ('San Cristobal de la Montaña', 19);
INSERT INTO municipios (nombre, id_estado) VALUES ('Vieja Kuwait', 12);
INSERT INTO municipios (nombre, id_estado) VALUES ('San Alonso los bajos', 13);
INSERT INTO municipios (nombre, id_estado) VALUES ('San Wilfrido los altos', 12);
INSERT INTO municipios (nombre, id_estado) VALUES ('Nueva México', 3);
INSERT INTO municipios (nombre, id_estado) VALUES ('Vieja Túnez', 17);
INSERT INTO municipios (nombre, id_estado) VALUES ('Vieja Perú', 31);
INSERT INTO municipios (nombre, id_estado) VALUES ('San Ramiro los altos', 5);
INSERT INTO municipios (nombre, id_estado) VALUES ('Nueva Noruega', 6);
INSERT INTO municipios (nombre, id_estado) VALUES ('San Hugo los bajos', 9);
INSERT INTO municipios (nombre, id_estado) VALUES ('Vieja Ecuador', 10);
INSERT INTO municipios (nombre, id_estado) VALUES ('Nueva Andorra', 3);
INSERT INTO municipios (nombre, id_estado) VALUES ('San Lorena los bajos', 6);
INSERT INTO municipios (nombre, id_estado) VALUES ('Nueva Andorra', 26);
INSERT INTO municipios (nombre, id_estado) VALUES ('Nueva Ecuador', 18);
INSERT INTO municipios (nombre, id_estado) VALUES ('Nueva Honduras', 16);
INSERT INTO municipios (nombre, id_estado) VALUES ('San Dulce de la Montaña', 14);
INSERT INTO municipios (nombre, id_estado) VALUES ('San Leonel los altos', 27);
INSERT INTO municipios (nombre, id_estado) VALUES ('Nueva Grecia', 18);
INSERT INTO municipios (nombre, id_estado) VALUES ('San Camilo los bajos', 29);
INSERT INTO municipios (nombre, id_estado) VALUES ('Vieja Burundi', 32);
INSERT INTO municipios (nombre, id_estado) VALUES ('Vieja Angola', 23);
INSERT INTO municipios (nombre, id_estado) VALUES ('Nueva Eritrea', 6);
INSERT INTO municipios (nombre, id_estado) VALUES ('San Porfirio los bajos', 21);
INSERT INTO municipios (nombre, id_estado) VALUES ('San Raquel de la Montaña', 8);
INSERT INTO municipios (nombre, id_estado) VALUES ('San Trinidad los bajos', 32);
INSERT INTO municipios (nombre, id_estado) VALUES ('San José Emilio los altos', 22);
INSERT INTO municipios (nombre, id_estado) VALUES ('Nueva Kuwait', 13);
INSERT INTO municipios (nombre, id_estado) VALUES ('San Abril de la Montaña', 16);
INSERT INTO municipios (nombre, id_estado) VALUES ('Vieja Islas Marshall', 2);
INSERT INTO municipios (nombre, id_estado) VALUES ('San José Carlos los altos', 18);
INSERT INTO municipios (nombre, id_estado) VALUES ('Vieja San Vicente y las Granadinas', 8);
INSERT INTO municipios (nombre, id_estado) VALUES ('Nueva Granada', 15);
INSERT INTO municipios (nombre, id_estado) VALUES ('Nueva República Popular Democrática de Corea', 24);
INSERT INTO municipios (nombre, id_estado) VALUES ('San Jorge Luis los bajos', 11);
INSERT INTO municipios (nombre, id_estado) VALUES ('Vieja Burundi', 22);
INSERT INTO municipios (nombre, id_estado) VALUES ('San Evelio de la Montaña', 28);
INSERT INTO municipios (nombre, id_estado) VALUES ('San Diego los altos', 4);
INSERT INTO municipios (nombre, id_estado) VALUES ('Vieja Lituania', 7);
INSERT INTO municipios (nombre, id_estado) VALUES ('San Helena los bajos', 10);



-- NEIGHBORHOOD
INSERT INTO colonias (nombre, CP, id_municipio) VALUES ('Boulevard Valentín', '75517-1760', 90);
INSERT INTO colonias (nombre, CP, id_municipio) VALUES ('Continuación Durango', '96111', 29);
INSERT INTO colonias (nombre, CP, id_municipio) VALUES ('Cerrada Bangladesh', '01688-4779', 6);
INSERT INTO colonias (nombre, CP, id_municipio) VALUES ('Eje vial Bhután', '34926-3511', 74);
INSERT INTO colonias (nombre, CP, id_municipio) VALUES ('Periférico Razo', '17643', 82);
INSERT INTO colonias (nombre, CP, id_municipio) VALUES ('Calzada Concepción', '37658', 69);
INSERT INTO colonias (nombre, CP, id_municipio) VALUES ('Boulevard Rwanda', '29668-7577', 78);
INSERT INTO colonias (nombre, CP, id_municipio) VALUES ('Privada Santa Lucía', '05550', 88);
INSERT INTO colonias (nombre, CP, id_municipio) VALUES ('Circuito Samoa', '69471', 10);
INSERT INTO colonias (nombre, CP, id_municipio) VALUES ('Periférico Arenas', '32040', 4);
INSERT INTO colonias (nombre, CP, id_municipio) VALUES ('Continuación Sur Córdova', '58688-0918', 16);
INSERT INTO colonias (nombre, CP, id_municipio) VALUES ('Eje vial Fonseca', '89676-9930', 82);
INSERT INTO colonias (nombre, CP, id_municipio) VALUES ('Callejón Madrid', '51744-6660', 25);
INSERT INTO colonias (nombre, CP, id_municipio) VALUES ('Viaducto Camerún', '45007', 78);
INSERT INTO colonias (nombre, CP, id_municipio) VALUES ('Calle Norte Zarate', '25609', 74);
INSERT INTO colonias (nombre, CP, id_municipio) VALUES ('Diagonal Norte Arreola', '72009', 16);
INSERT INTO colonias (nombre, CP, id_municipio) VALUES ('Viaducto Iraq', '85367', 51);
INSERT INTO colonias (nombre, CP, id_municipio) VALUES ('Andador Robles', '19426-4183', 12);
INSERT INTO colonias (nombre, CP, id_municipio) VALUES ('Diagonal Rael', '37510-0740', 48);
INSERT INTO colonias (nombre, CP, id_municipio) VALUES ('Cerrada Bosnia y Herzegovina', '84126-9611', 15);
INSERT INTO colonias (nombre, CP, id_municipio) VALUES ('Boulevard Valentín', '75517-1760', 90);
INSERT INTO colonias (nombre, CP, id_municipio) VALUES ('Continuación Durango', '96111', 29);
INSERT INTO colonias (nombre, CP, id_municipio) VALUES ('Cerrada Bangladesh', '01688-4779', 06);
INSERT INTO colonias (nombre, CP, id_municipio) VALUES ('Eje vial Bhután', '34926-3511', 74);
INSERT INTO colonias (nombre, CP, id_municipio) VALUES ('Periférico Razo', '17643', 84);
INSERT INTO colonias (nombre, CP, id_municipio) VALUES ('Calzada Concepción', '37658', 69);
INSERT INTO colonias (nombre, CP, id_municipio) VALUES ('Boulevard Rwanda', '29668-7577', 78);
INSERT INTO colonias (nombre, CP, id_municipio) VALUES ('Privada Santa Lucía', '05550', 88);
INSERT INTO colonias (nombre, CP, id_municipio) VALUES ('Circuito Samoa', '69471', 10);
INSERT INTO colonias (nombre, CP, id_municipio) VALUES ('Periférico Arenas', '32040', 04);
INSERT INTO colonias (nombre, CP, id_municipio) VALUES ('Continuación Sur Córdova', '58688-0918', 16);
INSERT INTO colonias (nombre, CP, id_municipio) VALUES ('Eje vial Fonseca', '89676-9930', 82);
INSERT INTO colonias (nombre, CP, id_municipio) VALUES ('Callejón Madrid', '51744-6660', 25);
INSERT INTO colonias (nombre, CP, id_municipio) VALUES ('Viaducto Camerún', '45007', 78);
INSERT INTO colonias (nombre, CP, id_municipio) VALUES ('Calle Norte Zarate', '25609', 74);
INSERT INTO colonias (nombre, CP, id_municipio) VALUES ('Diagonal Norte Arreola', '72009', 16);
INSERT INTO colonias (nombre, CP, id_municipio) VALUES ('Viaducto Iraq', '85367', 51);
INSERT INTO colonias (nombre, CP, id_municipio) VALUES ('Andador Robles', '19426-4183', 12);
INSERT INTO colonias (nombre, CP, id_municipio) VALUES ('Diagonal Rael', '37510-0740', 48);
INSERT INTO colonias (nombre, CP, id_municipio) VALUES ('Cerrada Bosnia y Herzegovina', '84126-9611', 15);
INSERT INTO colonias (nombre, CP, id_municipio) VALUES ('Boulevard Valentín', '75517-1760', 90);
INSERT INTO colonias (nombre, CP, id_municipio) VALUES ('Continuación Durango', '96111', 29);
INSERT INTO colonias (nombre, CP, id_municipio) VALUES ('Cerrada Bangladesh', '01688-4779', 06);
INSERT INTO colonias (nombre, CP, id_municipio) VALUES ('Eje vial Bhután', '34926-3511', 74);
INSERT INTO colonias (nombre, CP, id_municipio) VALUES ('Periférico Razo', '17643', 82);
INSERT INTO colonias (nombre, CP, id_municipio) VALUES ('Calzada Concepción', '37658', 69);
INSERT INTO colonias (nombre, CP, id_municipio) VALUES ('Boulevard Rwanda', '29668-7577', 78);
INSERT INTO colonias (nombre, CP, id_municipio) VALUES ('Privada Santa Lucía', '05550', 88);
INSERT INTO colonias (nombre, CP, id_municipio) VALUES ('Circuito Samoa', '69471', 10);
INSERT INTO colonias (nombre, CP, id_municipio) VALUES ('Periférico Arenas', '32040', 04);
INSERT INTO colonias (nombre, CP, id_municipio) VALUES ('Continuación Sur Córdova', '58688-0918', 16);
INSERT INTO colonias (nombre, CP, id_municipio) VALUES ('Eje vial Fonseca', '89676-9930', 82);
INSERT INTO colonias (nombre, CP, id_municipio) VALUES ('Callejón Madrid', '51744-6660', 25);
INSERT INTO colonias (nombre, CP, id_municipio) VALUES ('Viaducto Camerún', '45007', 78);
INSERT INTO colonias (nombre, CP, id_municipio) VALUES ('Calle Norte Zarate', '25609', 74);
INSERT INTO colonias (nombre, CP, id_municipio) VALUES ('Diagonal Norte Arreola', '72009', 16);
INSERT INTO colonias (nombre, CP, id_municipio) VALUES ('Viaducto Iraq', '85367', 51);
INSERT INTO colonias (nombre, CP, id_municipio) VALUES ('Andador Robles', '19426-4183', 12);
INSERT INTO colonias (nombre, CP, id_municipio) VALUES ('Diagonal Rael', '37510-0740', 48);
INSERT INTO colonias (nombre, CP, id_municipio) VALUES ('Cerrada Bosnia y Herzegovina', '84126-9611', 15);
INSERT INTO colonias (nombre, CP, id_municipio) VALUES ('Boulevard Valentín', '75517-1760', 90);
INSERT INTO colonias (nombre, CP, id_municipio) VALUES ('Continuación Durango', '96111', 29);
INSERT INTO colonias (nombre, CP, id_municipio) VALUES ('Cerrada Bangladesh', '01688-4779', 06);
INSERT INTO colonias (nombre, CP, id_municipio) VALUES ('Eje vial Bhután', '34926-3511', 74);
INSERT INTO colonias (nombre, CP, id_municipio) VALUES ('Periférico Razo', '17643', 82);
INSERT INTO colonias (nombre, CP, id_municipio) VALUES ('Calzada Concepción', '37658', 69);
INSERT INTO colonias (nombre, CP, id_municipio) VALUES ('Boulevard Rwanda', '29668-7577', 78);
INSERT INTO colonias (nombre, CP, id_municipio) VALUES ('Privada Santa Lucía', '05550', 88);
INSERT INTO colonias (nombre, CP, id_municipio) VALUES ('Circuito Samoa', '69471', 10);
INSERT INTO colonias (nombre, CP, id_municipio) VALUES ('Periférico Arenas', '32040', 04);
INSERT INTO colonias (nombre, CP, id_municipio) VALUES ('Continuación Sur Córdova', '58688-0918', 16);
INSERT INTO colonias (nombre, CP, id_municipio) VALUES ('Eje vial Fonseca', '89676-9930', 82);
INSERT INTO colonias (nombre, CP, id_municipio) VALUES ('Callejón Madrid', '51744-6660', 25);
INSERT INTO colonias (nombre, CP, id_municipio) VALUES ('Viaducto Camerún', '45007', 78);
INSERT INTO colonias (nombre, CP, id_municipio) VALUES ('Calle Norte Zarate', '25609', 74);
INSERT INTO colonias (nombre, CP, id_municipio) VALUES ('Diagonal Norte Arreola', '72009', 16);
INSERT INTO colonias (nombre, CP, id_municipio) VALUES ('Viaducto Iraq', '85367', 51);
INSERT INTO colonias (nombre, CP, id_municipio) VALUES ('Andador Robles', '19426-4183', 12);
INSERT INTO colonias (nombre, CP, id_municipio) VALUES ('Diagonal Rael', '37510-0740', 48);
INSERT INTO colonias (nombre, CP, id_municipio) VALUES ('Cerrada Bosnia y Herzegovina', '84126-9611', 15);
INSERT INTO colonias (nombre, CP, id_municipio) VALUES ('Boulevard Valentín', '75517-1760', 90);
INSERT INTO colonias (nombre, CP, id_municipio) VALUES ('Continuación Durango', '96111', 29);
INSERT INTO colonias (nombre, CP, id_municipio) VALUES ('Cerrada Bangladesh', '01688-4779', 06);
INSERT INTO colonias (nombre, CP, id_municipio) VALUES ('Eje vial Bhután', '34926-3511', 74);
INSERT INTO colonias (nombre, CP, id_municipio) VALUES ('Periférico Razo', '17643', 82);
INSERT INTO colonias (nombre, CP, id_municipio) VALUES ('Calzada Concepción', '37658', 69);
INSERT INTO colonias (nombre, CP, id_municipio) VALUES ('Boulevard Rwanda', '29668-7577', 78);
INSERT INTO colonias (nombre, CP, id_municipio) VALUES ('Privada Santa Lucía', '05550', 88);
INSERT INTO colonias (nombre, CP, id_municipio) VALUES ('Circuito Samoa', '69471', 10);
INSERT INTO colonias (nombre, CP, id_municipio) VALUES ('Periférico Arenas', '32040', 04);
INSERT INTO colonias (nombre, CP, id_municipio) VALUES ('Continuación Sur Córdova', '58688-0918', 16);
INSERT INTO colonias (nombre, CP, id_municipio) VALUES ('Eje vial Fonseca', '89676-9930', 82);
INSERT INTO colonias (nombre, CP, id_municipio) VALUES ('Callejón Madrid', '51744-6660', 25);
INSERT INTO colonias (nombre, CP, id_municipio) VALUES ('Viaducto Camerún', '45007', 78);
INSERT INTO colonias (nombre, CP, id_municipio) VALUES ('Calle Norte Zarate', '25609', 74);
INSERT INTO colonias (nombre, CP, id_municipio) VALUES ('Diagonal Norte Arreola', '72009', 16);
INSERT INTO colonias (nombre, CP, id_municipio) VALUES ('Viaducto Iraq', '85367', 51);
INSERT INTO colonias (nombre, CP, id_municipio) VALUES ('Andador Robles', '19426-4183', 12);
INSERT INTO colonias (nombre, CP, id_municipio) VALUES ('Diagonal Rael', '37510-0740', 48);
INSERT INTO colonias (nombre, CP, id_municipio) VALUES ('Cerrada Bosnia y Herzegovina', '84126-9611', 15);

-- ADDRESSES

INSERT INTO direcciones (calle, num_ext, num_int, id_colonia) VALUES
  ('Privada Norte Rolón',          '139', '4',  36),
  ('Andador Tello',               '977', '8',  98),
  ('Circuito Sur Sevilla',        '625', '5',  46),
  ('Avenida Merino',              '368', '10', 87),
  ('Boulevard Yucatán',           '875', '10', 82),
  ('Calle Sevilla',               '733', '5',  17),
  ('Andador Aguascalientes',      '767', '7',  50),
  ('Continuación Sur Ulibarri',   '83',  '1',  84),
  ('Callejón Cuba',               '197', '6',  77),
  ('Viaducto Tayikistán',         '246', '4',  21),
  ('Retorno Islandia',            '459', '7',  82),
  ('Peatonal Otero',              '897', '10', 91),
  ('Cerrada Guajardo',            '33',  '7',  54),
  ('Continuación Guanajuato',     '582', '7',  90),
  ('Corredor Estonia',            '679', '1',  99),
  ('Eje vial Montenegro',         '457', '2',  22),
  ('Prolongación Distrito Federal','719', '3',  34),
  ('Prolongación Sur Curiel',     '541', '8',  58),
  ('Diagonal de León',            '619', '1',  72),
  ('Ampliación Arabia Saudita',   '507', '6',   5),
  ('Periférico Aguascalientes',   '858', '8',  40),
  ('Andador Carrasco',            '829', '7',   7),
  ('Calle Swazilandia',           '562', '2',  25),
  ('Ampliación Norte Pulido',     '134', '1',  93),
  ('Cerrada Distrito Federal',    '973', '7',  52),
  ('Periférico Jalisco',           '4',  '4',  41),
  ('Avenida Sur Pantoja',         '735', '1',   2),
  ('Boulevard Tamaulipas',        '542', '10', 87),
  ('Cerrada Norte Olivárez',      '196', '2',  13),
  ('Diagonal Fiji',               '665', '4',  78),
  ('Diagonal Sur Hernádez',       '287', '3',  39),
  ('Periférico San Luis Potosí',  '488', '7',  13),
  ('Retorno Rojo',                '84',  '1',  81),
  ('Circuito Australia',          '936', '8',  36),
  ('Diagonal Chiapas',            '883', '5',  15),
  ('Calle Orosco',                '670', '9',  18),
  ('Eje vial Orozco',             '661', '6',  84),
  ('Boulevard Norte Zayas',       '893', '3',  15),
  ('Callejón Sur Molina',         '872', '1',  36),
  ('Eje vial Sur Villanueva',     '42',  '4',   6),
  ('Periférico Chihuahua',        '266', '9',  88),
  ('Corredor Durango',            '970', '6',  41),
  ('Peatonal Campeche',           '932', '1',  73),
  ('Circuito Dinamarca',          '985', '10', 96),
  ('Circunvalación Sinaloa',      '507', '8',  84),
  ('Circunvalación Ureña',        '446', '6',  82),
  ('Andador Norte Jiménez',       '183', '4',  69),
  ('Calzada Norte Cervantes',     '602', '5',  49),
  ('Boulevard Santa Lucía',       '142', '3',   2),
  ('Callejón Baja California',    '342', '6',  35),
  ('Prolongación Norte Rivas',    '736', '2',  48),
  ('Viaducto Bernal',             '799', '10', 44),
  ('Privada Sur de la O',         '43',  '5',   5),
  ('Calzada Côte dIvoire',        '154', '10', 21),
  ('Ampliación Paraguay',         '370', '7',  38),
  ('Peatonal Jordania',           '133', '5',  71),
  ('Continuación Chihuahua',      '490', '4',  15),
  ('Circuito Sur Monroy',         '316', '3',   7),
  ('Privada Durango',             '747', '2',  67),
  ('Privada Norte Gollum',        '413', '6',  39),
  ('Corredor Norte Rodríguez',    '425', '2',  39),
  ('Eje vial Tabasco',            '575', '8',  13),
  ('Calle Cordero',               '346', '6',  61),
  ('Prolongación Yáñez',          '491', '2',  16),
  ('Viaducto Flores',             '510', '7',  90),
  ('Circuito de la Garza',        '310', '6',   5),
  ('Avenida Sur Alarcón',         '704', '3',  95),
  ('Corredor Rosales',            '642', '10', 22),
  ('Boulevard Tlaxcala',          '826', '2',  49),
  ('Prolongación Morelos',        '828', '2',   9),
  ('Cerrada Sur Valenzuela',      '768', '4',  26),
  ('Periférico de la Garza',      '395', '1',   8),
  ('Viaducto de la Crúz',         '404', '9',  13),
  ('Retorno Sur Quezada',         '297', '8',  67),
  ('Circuito Sur Villagómez',     '808', '10', 63),
  ('Diagonal Croacia',            '696', '4',  92),
  ('Prolongación Sur Núñez',      '86',  '6',  55),
  ('Viaducto Villalobos',         '268', '10', 29),
  ('Andador Norte Canales',       '368', '2',  25),
  ('Periférico Zacatecas',        '842', '1',   9),
  ('Peatonal Norte Durán',        '463', '4',  68),
  ('Privada Kenya',               '510', '7',  16),
  ('Circunvalación San Marino',   '213', '1',  33),
  ('Pasaje Belarús',              '639', '3',  28),
  ('Peatonal Orozco',             '203', '8',  14),
  ('Privada Sur Jaimes',          '371', '9',  49),
  ('Cerrada Sur Lucio',           '108', '10', 20),
  ('Corredor Botswana',           '152', '10', 63),
  ('Andador Suiza',               '654', '7',  52),
  ('Prolongación República de Corea','508','6', 67),
  ('Ampliación Argentina',        '511', '4',  64),
  ('Privada Norte Carbajal',      '625', '4',  70),
  ('Privada Norte Montalvo',      '349', '6',   2),
  ('Ampliación Guardado',         '37',  '9',  42),
  ('Peatonal India',              '896', '5',  19),
  ('Cerrada Aguascalientes',      '803', '3',  78),
  ('Corredor Norte Bustos', '597', '5', 49),
  ('Circunvalación Vela',    '724', '8', 92),
  ('Solare I',               '724', '8', 33),
  ('Jacarandas',             '724', '8', 22);

-- NATIONALITIES
INSERT INTO nacionalidades (nacionalidad) VALUES ('Alemana');
INSERT INTO nacionalidades (nacionalidad) VALUES ('Argentina');
INSERT INTO nacionalidades (nacionalidad) VALUES ('Australiana');
INSERT INTO nacionalidades (nacionalidad) VALUES ('Belga');
INSERT INTO nacionalidades (nacionalidad) VALUES ('Boliviana');
INSERT INTO nacionalidades (nacionalidad) VALUES ('Brasileña');
INSERT INTO nacionalidades (nacionalidad) VALUES ('Canadiense');
INSERT INTO nacionalidades (nacionalidad) VALUES ('Chilena');
INSERT INTO nacionalidades (nacionalidad) VALUES ('China');
INSERT INTO nacionalidades (nacionalidad) VALUES ('Colombiana');
INSERT INTO nacionalidades (nacionalidad) VALUES ('Coreana');
INSERT INTO nacionalidades (nacionalidad) VALUES ('Costarricense');
INSERT INTO nacionalidades (nacionalidad) VALUES ('Cubana');
INSERT INTO nacionalidades (nacionalidad) VALUES ('Danesa');
INSERT INTO nacionalidades (nacionalidad) VALUES ('Ecuatoriana');
INSERT INTO nacionalidades (nacionalidad) VALUES ('Egipcia');
INSERT INTO nacionalidades (nacionalidad) VALUES ('Salvadoreña');
INSERT INTO nacionalidades (nacionalidad) VALUES ('Española');
INSERT INTO nacionalidades (nacionalidad) VALUES ('Estadounidense');
INSERT INTO nacionalidades (nacionalidad) VALUES ('Filipina');
INSERT INTO nacionalidades (nacionalidad) VALUES ('Francesa');
INSERT INTO nacionalidades (nacionalidad) VALUES ('Griega');
INSERT INTO nacionalidades (nacionalidad) VALUES ('Guatemalteca');
INSERT INTO nacionalidades (nacionalidad) VALUES ('Hondureña');
INSERT INTO nacionalidades (nacionalidad) VALUES ('India');
INSERT INTO nacionalidades (nacionalidad) VALUES ('Indonesia');
INSERT INTO nacionalidades (nacionalidad) VALUES ('Irlandesa');
INSERT INTO nacionalidades (nacionalidad) VALUES ('Israelí');
INSERT INTO nacionalidades (nacionalidad) VALUES ('Italiana');
INSERT INTO nacionalidades (nacionalidad) VALUES ('Jamaicana');
INSERT INTO nacionalidades (nacionalidad) VALUES ('Japonesa');
INSERT INTO nacionalidades (nacionalidad) VALUES ('Libanesa');
INSERT INTO nacionalidades (nacionalidad) VALUES ('Malaya');
INSERT INTO nacionalidades (nacionalidad) VALUES ('Marroquí');
INSERT INTO nacionalidades (nacionalidad) VALUES ('Mexicana');
INSERT INTO nacionalidades (nacionalidad) VALUES ('Nicaragüense');
INSERT INTO nacionalidades (nacionalidad) VALUES ('Noruega');
INSERT INTO nacionalidades (nacionalidad) VALUES ('Neozelandesa');
INSERT INTO nacionalidades (nacionalidad) VALUES ('Panameña');
INSERT INTO nacionalidades (nacionalidad) VALUES ('Paraguaya');
INSERT INTO nacionalidades (nacionalidad) VALUES ('Peruana');
INSERT INTO nacionalidades (nacionalidad) VALUES ('Polaca');
INSERT INTO nacionalidades (nacionalidad) VALUES ('Portuguesa');
INSERT INTO nacionalidades (nacionalidad) VALUES ('Puertorriqueña');
INSERT INTO nacionalidades (nacionalidad) VALUES ('Rumana');
INSERT INTO nacionalidades (nacionalidad) VALUES ('Rusa');
INSERT INTO nacionalidades (nacionalidad) VALUES ('Sudafricana');
INSERT INTO nacionalidades (nacionalidad) VALUES ('Sueca');
INSERT INTO nacionalidades (nacionalidad) VALUES ('Suiza');
INSERT INTO nacionalidades (nacionalidad) VALUES ('Tailandesa');
INSERT INTO nacionalidades (nacionalidad) VALUES ('Turca');
INSERT INTO nacionalidades (nacionalidad) VALUES ('Ucraniana');
INSERT INTO nacionalidades (nacionalidad) VALUES ('Uruguaya');
INSERT INTO nacionalidades (nacionalidad) VALUES ('Venezolana');
INSERT INTO nacionalidades (nacionalidad) VALUES ('Vietnamita');


-- LANGUAGES
INSERT INTO idiomas (  idioma) VALUES ('Inglés');
INSERT INTO idiomas (  idioma) VALUES ( 'Francés');
INSERT INTO idiomas (  idioma) VALUES ( 'Alemán');
INSERT INTO idiomas (  idioma) VALUES ( 'Italiano');
INSERT INTO idiomas (  idioma) VALUES ( 'Portugués');
INSERT INTO idiomas (  idioma) VALUES ( 'Chino');
INSERT INTO idiomas (  idioma) VALUES ( 'Japonés');
INSERT INTO idiomas (  idioma) VALUES ( 'Coreano');


-- STUDENTS
INSERT INTO alumnos (
    nombre, apellido_paterno, apellido_materno, fecha_nacimiento, sexo,
    telefono, nivel_idioma, correo, id_direccion, promedio,
    id_nacionalidad, tipo
) VALUES 
('Judith', 'Peres', 'Arevalo', '2001-08-14', 'F', '5566448162', 'C1', 'ypalacios@yahoo.com', 63, 9.4, 50, 'intercambio'),
('Mateo', 'Muñiz', 'Vergara', '2003-04-09', 'M', '5558056573', 'C1', 'guillerminacintron@henriquez-tejada.org', 18, 9.28, 31, 'intercambio'),
('Concepción', 'Marín', 'Camacho', '2002-12-05', 'M', '5592996081', 'B1', 'mariana81@puente-mata.com', 13, 9.73, 35, 'local'),
('Pedro', 'Romero', 'Quintero', '2005-02-26', 'F', '5585136920', 'B2', 'ulibarriadela@gmail.com', 41, 9.61, 31, 'intercambio'),
('Leonor', 'Abreu', 'Salcido', '2002-06-21', 'F', '5584158472', 'C1', 'irmabarajas@gmail.com', 34, 9.06, 35, 'local'),
('Raquel', 'Garibay', 'Griego', '2001-11-03', 'F', '5522518737', 'C2', 'fbustos@sauceda-saiz.com', 86, 9.63, 35, 'local'),
('Pedro', 'Lovato', 'Castellanos', '2003-01-30', 'F', '5554712641', 'C2', 'salvadortrujillo@hotmail.com', 9, 9.19, 52, 'intercambio'),
('Graciela', 'Rael', 'Bustos', '2004-10-11', 'F', '5542026487', 'A1', 'rene34@gmail.com', 11, 9.99, 35, 'local'),
('Elena', 'Escobar', 'Apodaca', '2002-03-15', 'F', '5550459503', 'C2', 'fbarrientos@hotmail.com', 16, 9.55, 7, 'intercambio'),
('Catalina', 'Cornejo', 'Arellano', '2000-05-28', 'F', '5590958204', 'B2', 'rsosa@proyectos.biz', 12, 9.6, 35, 'local'),
('Ricardo', 'Laureano', 'Raya', '2003-09-19', 'F', '5587262571', 'A2', 'armando59@gmail.com', 25, 9.82, 21, 'intercambio'),
('Micaela', 'Villagómez', 'Meza', '2004-12-07', 'F', '5592245023', 'B2', 'adrianajuarez@garay-nieto.com', 9, 9.09, 35, 'local'),
('Isabela', 'Polanco', 'Bañuelos', '2001-07-17', 'M', '5530072305', 'C2', 'estefaniaarmenta@amador-castellanos.com', 70, 9.68, 35, 'local'),
('Samuel', 'Velásquez', 'Casares', '2003-02-10', 'F', '5541608507', 'C1', 'nevarezcamilo@gmail.com', 36, 9.45, 34, 'intercambio'),
('Samuel', 'Alonzo', 'Esquivel', '2002-08-25', 'M', '5553530143', 'B2', 'roqueenrique@altamirano.biz', 76, 9.63, 6, 'intercambio'),
('Silvano', 'Campos', 'Hurtado', '2000-12-02', 'F', '5542619689', 'A1', 'angelicamadera@pulido-duenas.net', 91, 9.22, 35, 'local'),
('Mayte', 'Arenas', 'Ybarra', '2004-05-04', 'M', '5554632246', 'A1', 'qfeliciano@rodrigez-vargas.com', 19, 9.86, 35, 'local'),
('Ana Luisa', 'Covarrubias', 'Cuellar', '2001-03-12', 'M', '5516071213', 'A1', 'caridad97@hotmail.com', 16, 9.63, 35, 'local'),
('Delia', 'Alcántar', 'Rodríguez', '2003-07-22', 'F', '5562507238', 'A1', 'violeta56@hotmail.com', 5, 9.61, 35, 'local'),
('Fidel', 'Corrales', 'Valentín', '2000-09-29', 'M', '5534826513', 'B2', 'vberrios@tovar.com', 27, 9.73, 35, 'local'),
('Evelio', 'Rosario', 'Mora', '2002-01-06', 'F', '5513057825', 'C1', 'rosa92@hotmail.com', 13, 9.84, 35, 'local'),
('Horacio', 'Oquendo', 'Pedroza', '2005-03-27', 'F', '5539639203', 'B1', 'villegaselisa@crespo-grijalva.info', 56, 9.18, 35, 'local'),
('José María', 'Vanegas', 'Pedroza', '2000-10-30', 'F', '5590058851', 'A2', 'avanegas@de.com', 34, 9.36, 3, 'intercambio'),
('Francisco Javier', 'Cotto', 'Ramón', '2000-05-14', 'M', '5586473039', 'A1', 'arellanomiguel-angel@yahoo.com', 87, 9.16, 51, 'intercambio'),
('Hugo', 'Robles', 'Arteaga', '1999-07-12', 'M', '5555944411', 'A1', 'pascualbotello@hotmail.com', 77, 9.92, 35, 'local'),
('Catalina', 'Alejandro', 'Padilla', '2000-08-09', 'F', '5511772178', 'C1', 'abelardo30@hotmail.com', 66, 9.92, 35, 'local'),
('Abelardo', 'Tafoya', 'Calvillo', '2001-02-01', 'M', '5598263752', 'C1', 'zunigavioleta@proyectos.com', 89, 9.01, 25, 'intercambio'),
('Benito', 'Rolón', 'Osorio', '1999-11-11', 'M', '5555085956', 'C1', 'laureanomaria-cristina@hidalgo-cepeda.net', 36, 9.13, 35, 'local'),
('Uriel', 'Montenegro', 'Carrero', '2001-03-23', 'M', '5591891021', 'C1', 'aida00@laboratorios.com', 82, 9.85, 23, 'intercambio'),
('Josefina', 'Vanegas', 'Arias', '2000-09-15', 'F', '5551647436', 'C2', 'xpuga@hotmail.com', 11, 9.0, 35, 'local'),
('Diego', 'Franco', 'Núñez', '2002-01-10', 'M', '5554882635', 'A2', 'chavarriacornelio@yahoo.com', 82, 9.45, 35, 'local'),
('Isabela', 'Miranda', 'Nazario', '1999-06-20', 'F', '5563991372', 'C2', 'silvano00@grupo.com', 91, 9.05, 3, 'intercambio'),
('Leonardo', 'Ulibarri', 'Ceballos', '1999-03-25', 'M', '5544792848', 'B2', 'romoevelio@gmail.com', 68, 9.88, 5, 'intercambio'),
('Homero', 'Duarte', 'Solorzano', '2000-02-28', 'M', '5515222436', 'B1', 'karina54@cardona.info', 60, 9.05, 35, 'local'),
('Mario', 'Miranda', 'Montalvo', '1999-06-14', 'M', '5583626753', 'C2', 'scarrillo@polanco.com', 17, 9.99, 13, 'intercambio'),
('Cristal', 'de la Crúz', 'Vallejo', '2001-08-21', 'F', '5566033898', 'A2', 'barrazaarturo@gmail.com', 2, 9.72, 45, 'intercambio'),
('Estela', 'Ballesteros', 'Olmos', '1999-10-10', 'F', '5580913396', 'A2', 'ortapilar@club.biz', 16, 9.61, 35, 'local'),
('Armando', 'Negrete', 'Garay', '2001-01-13', 'M', '5550589594', 'A1', 'luis-manuelespinosa@yahoo.com', 61, 9.85, 35, 'local'),
('Cristina', 'Munguía', 'Guevara', '1999-12-19', 'F', '5598801447', 'C1', 'janet51@suarez.net', 6, 9.21, 35, 'local'),
('Rodolfo', 'Arroyo', 'Flores', '2001-04-12', 'M', '5558697748', 'A1', 'sduran@pacheco.com', 10, 9.3, 35, 'local'),
('Juan Carlos', 'Castillo', 'Zamora', '1999-06-10', 'M', '5596878605', 'C2', 'yvonne18@echevarria.com', 5, 9.16, 3, 'intercambio'),
('Leonor', 'Marquez', 'Correa', '2001-01-11', 'F', '5531429636', 'B1', 'vazquezmaria@hotmail.com', 10, 9.94, 35, 'local'),
('Cristina', 'Luna', 'Bravo', '2000-11-02', 'F', '5563726685', 'B1', 'lopezfloresangelica@hotmail.com', 9, 9.62, 35, 'local'),
('Hugo', 'Salas', 'Cruz', '1999-05-25', 'M', '5597325719', 'A2', 'panchovillasana@yahoo.com', 8, 9.22, 35, 'local'),
('Francisco', 'Sánchez', 'Lara', '2000-10-12', 'M', '5565917422', 'C2', 'alejandroperez@palacio.com', 7, 9.48, 35, 'local'),
('Lorena', 'García', 'Soto', '2002-03-15', 'F', '5530178296', 'B2', 'patriciagomez@flores.com', 11, 9.72, 35, 'local'),
('Ramón', 'Medina', 'Ríos', '1999-12-04', 'M', '5521367895', 'C1', 'alejandrosalas@yahoo.com', 15, 9.51, 35, 'local'),
('Adriana', 'Rivas', 'Torres', '2001-09-16', 'F', '5592345612', 'A1', 'sofiarodriguez@hotmail.com', 14, 9.63, 35, 'local'),
('Jorge', 'Vargas', 'Montoya', '1999-11-23', 'M', '5545678921', 'B1', 'raulgarcia@gmail.com', 13, 9.79, 35, 'local'),
('Marta', 'Mendoza', 'Cruz', '2000-04-18', 'F', '5539876543', 'C2', 'paulamartinez@outlook.com', 12, 9.35, 35, 'local'),
('Ricardo', 'Soto', 'Delgado', '2001-06-10', 'M', '5523456789', 'A2', 'carloslopez@gmail.com', 11, 9.58, 35, 'local'),
('Luisa', 'Fernández', 'Navarro', '2000-08-07', 'F', '5512345678', 'B1', 'luisarodriguez@yahoo.com', 10, 9.43, 35, 'local'),
('Fernando', 'Ramírez', 'Gutiérrez', '1999-10-25', 'M', '5598765432', 'C1', 'mariagarcia@hotmail.com', 9, 9.61, 35, 'local'),
('Patricia', 'Hernández', 'Mendoza', '2001-12-12', 'F', '5587654321', 'B2', 'juanperez@gmail.com', 8, 9.34, 35, 'local'),
('Daniel', 'González', 'López', '2000-03-03', 'M', '5576543210', 'A1', 'anafernandez@hotmail.com', 7, 9.77, 35, 'local'),
('Sofía', 'Martínez', 'Sánchez', '1999-07-07', 'F', '5565432109', 'C2', 'miguelramirez@gmail.com', 6, 9.45, 35, 'local'),
('Carlos', 'Torres', 'Ramírez', '2001-05-05', 'M', '5554321098', 'B1', 'lauragonzalez@hotmail.com', 5, 9.50, 35, 'local'),
('María', 'Díaz', 'Fernández', '2000-11-11', 'F', '5543210987', 'C1', 'andreslopez@gmail.com', 4, 9.62, 35, 'local'),
('José', 'Morales', 'Gómez', '1999-09-09', 'M', '5532109876', 'A2', 'cristinalopez@hotmail.com', 3, 9.78, 35, 'local'),
('Laura', 'Vargas', 'Castillo', '2001-01-01', 'F', '5521098765', 'B2', 'pablomartinez@gmail.com', 2, 9.30, 35, 'local'),
('Miguel', 'Ramírez', 'Soto', '2000-06-06', 'M', '5510987654', 'C2', 'mariaperez@hotmail.com', 1, 9.55, 35, 'local'),
('Ana',    'Gómez',     'López',      '2000-03-12', 'F', '5512345601', 'A1', 'ana.gomez1@example.com',    1,  8.50, 1, 'local'),
('Bruno',  'Martínez',  'Pérez',      '2001-07-29', 'M', '5512345602', 'A2', 'bruno.martinez2@example.com',2,  7.20, 2, 'intercambio'),
('Carla',  'Ruiz',      'Sánchez',    '2002-11-05', 'F', '5512345603', 'B1', 'carla.ruiz3@example.com',     3,  9.10, 3, 'local'),
('David',  'Flores',    'Hernández',  '2003-02-18', 'M', '5512345604', 'B2', 'david.flores4@example.com',   4,  6.75, 4, 'intercambio'),
('Elena',  'Vega',      'Ortiz',      '2004-08-21', 'F', '5512345605', 'C1', 'elena.vega5@example.com',     5,  8.00, 5, 'local'),
('Fabián', 'Castillo',  'García',     '2005-12-02', 'M', '5512345606', 'C2', 'fabian.castillo6@example.com',6,  7.85, 1, 'intercambio'),
('Gabriela','Mendoza',  'Ramírez',    '2000-05-16', 'F', '5512345607', 'A1', 'gabriela.mendoza7@example.com',7,  9.50, 2, 'local'),
('Héctor', 'Silva',     'Domínguez',  '2001-09-30', 'M', '5512345608', 'A2', 'hector.silva8@example.com',   8,  6.40, 3, 'intercambio'),
('Isabel', 'Rojas',     'Cruz',       '2002-04-10', 'F', '5512345609', 'B1', 'isabel.rojas9@example.com',    9,  8.30, 4, 'local'),
('Javier', 'Torres',    'Medina',     '2003-01-22', 'M', '5512345610', 'B2', 'javier.torres10@example.com',10, 7.00, 5, 'intercambio'),
('Karen',  'Núñez',     'Suárez',     '2004-06-14', 'F', '5512345611', 'C1', 'karen.nunez11@example.com',    11, 8.95, 1, 'local'),
('Luis',   'Espinoza',  'Reyes',      '2005-10-03', 'M', '5512345612', 'C2', 'luis.espinoza12@example.com', 12, 6.10, 2, 'intercambio'),
('María',  'Pineda',    'Salazar',    '2000-02-27', 'F', '5512345613', 'A1', 'maria.pineda13@example.com',   13, 9.00, 3, 'local'),
('Nicolás','Gallardo',  'Blanco',     '2001-08-19', 'M', '5512345614', 'A2', 'nicolas.gallardo14@example.com',14,7.60, 4, 'intercambio'),
('Olga',   'Moreno',    'Vázquez',    '2002-12-11', 'F', '5512345615', 'B1', 'olga.moreno15@example.com',     15,8.20, 5, 'local'),
('Pablo',  'Herrera',   'Salinas',    '2003-03-07', 'M', '5512345616', 'B2', 'pablo.herrera16@example.com',   16,6.90, 1, 'intercambio'),
('Quetzal','Lara',      'Campos',     '2004-09-25', 'Otro','5512345617','C1','quetzal.lara17@example.com',     17,8.75, 2, 'local'),
('Raquel', 'Ortiz',     'Flores',     '2005-05-13', 'F', '5512345618', 'C2', 'raquel.ortiz18@example.com',    18,7.30, 3, 'intercambio'),
('Sergio', 'Reyna',     'Gómez',      '2000-11-01', 'M', '5512345619', 'A1', 'sergio.reyna19@example.com',    19,9.20, 4, 'local'),
('Teresa', 'Camacho',   'Molina',     '2001-07-08', 'F', '5512345620', 'A2', 'teresa.camacho20@example.com',  20,7.15, 5, 'intercambio'),
('Ulises', 'Valdés',    'Cervantes',  '2002-01-17', 'M', '5512345621', 'B1', 'ulises.valdes21@example.com',   21,8.80, 1, 'local'),
('Verónica','Ramos',    'Pérez',      '2003-10-29', 'F', '5512345622', 'B2', 'veronica.ramos22@example.com',  22,6.55, 2, 'intercambio'),
('Walter', 'Moral',     'Delgado',    '2004-02-06', 'M', '5512345623', 'C1', 'walter.moral23@example.com',    23,9.40, 3, 'local'),
('Ximena', 'Paz',       'Fuentes',    '2005-08-15', 'F', '5512345624', 'C2', 'ximena.paz24@example.com',      24,7.05, 4, 'intercambio'),
('Yahir',  'Soto',      'Mejía',      '2000-04-20', 'M', '5512345625', 'A1', 'yahir.soto25@example.com',      25,8.60, 5, 'local'),
('Zoe',    'López',     'Castro',     '2001-12-30', 'F', '5512345626', 'A2', 'zoe.lopez26@example.com',       26,7.75, 1, 'intercambio'),
('Alan',   'Miranda',   'Palacios',   '2002-06-18', 'M', '5512345627', 'B1', 'alan.miranda27@example.com',    27,9.30, 2, 'local'),
('Bianca', 'Camilo',    'Rueda',      '2003-03-23', 'F', '5512345628', 'B2', 'bianca.camilo28@example.com',   28,6.65, 3, 'intercambio'),
('César',  'Torres',    'Aguilar',    '2004-09-02', 'M', '5512345629', 'C1', 'cesar.torres29@example.com',    29,8.10, 4, 'local'),
('Diana',  'Solís',     'Guzmán',     '2005-01-27', 'F', '5512345630', 'C2', 'diana.solis30@example.com',     30,7.90, 5, 'intercambio'),
('Efrén',  'Barragán',  'León',       '2000-07-14', 'M', '5512345631', 'A1', 'efren.barragan31@example.com',  31,9.05, 1, 'local'),
('Fernanda','Quintero', 'Valencia',   '2001-11-04', 'F', '5512345632', 'A2', 'fernanda.quintero32@example.com',32,6.85,2,'intercambio'),
('Gustavo','Del Río',   'Arias',      '2002-02-09', 'M', '5512345633', 'B1', 'gustavo.delrio33@example.com',  33,8.45,3,'local'),
('Helena', 'Reyes',     'Bravo',      '2003-08-28', 'F', '5512345634', 'B2', 'helena.reyes34@example.com',    34,7.25,4,'intercambio'),
('Ignacio','Peralta',   'Moya',       '2004-05-31', 'M', '5512345635', 'C1', 'ignacio.peralta35@example.com',35,9.15,5,'local'),
('Julia',  'Bonilla',   'Cardenas',   '2005-10-17', 'F', '5512345636', 'C2', 'julia.bonilla36@example.com',   36,6.95,1,'intercambio'),
('Kevin',  'Ochoa',     'Herrera',    '2000-03-05', 'M', '5512345637', 'A1', 'kevin.ochoa37@example.com',     37,8.25,2,'local'),
('Laura',  'Muñoz',     'Juárez',     '2001-12-21', 'F', '5512345638','A2','helio@example.com',   38,7.35,3,'intercambio'),
('Marco',  'Varela',    'Nieto',      '2002-09-13', 'M', '5512345639', 'B1', 'marco.varela39@example.com',    39,9.00,4,'local');



-- USERS
INSERT INTO usuarios ( nombre_usuario, contrasena) VALUES ('friasalma', 'e_VD6IsqL)');
INSERT INTO usuarios ( nombre_usuario, contrasena) VALUES ( 'maria05', '+hytf2HYU5');
INSERT INTO usuarios ( nombre_usuario, contrasena) VALUES ( 'alberto62', '@22aBTivBY');
INSERT INTO usuarios ( nombre_usuario, contrasena) VALUES ( 'susana63', 'q0zt&Abf#7');
INSERT INTO usuarios ( nombre_usuario, contrasena) VALUES ( 'guerrerocatalina', '_$3HfdLL+X');
INSERT INTO usuarios ( nombre_usuario, contrasena) VALUES ( 'perla46', 'L8u7Ygmb)x');
INSERT INTO usuarios ( nombre_usuario, contrasena) VALUES ( 'irene16', 'Z0CVTUbd^A');
INSERT INTO usuarios ( nombre_usuario, contrasena) VALUES ( 'rgranado', '2(4tAZijvj');
INSERT INTO usuarios ( nombre_usuario, contrasena) VALUES ( 'wiglesias', '%e9L7VxzSj');
INSERT INTO usuarios ( nombre_usuario, contrasena) VALUES ( 'martin08', '(Y4mKlnis9');
INSERT INTO usuarios ( nombre_usuario, contrasena) VALUES ( 'javiergonzales', '0ZW#M!o3@*');
INSERT INTO usuarios ( nombre_usuario, contrasena) VALUES ( 'chapaana-luisa', '!n9^NNq$4K');
INSERT INTO usuarios ( nombre_usuario, contrasena) VALUES ( 'camilavalentin', 'x+e$0Xr0Eb');
INSERT INTO usuarios ( nombre_usuario, contrasena) VALUES ( 'bahenabenito', '#$RKUs+1G9');
INSERT INTO usuarios ( nombre_usuario, contrasena) VALUES ( 'nazariojose-carlos', 'c1IEwS+n^v');
INSERT INTO usuarios ( nombre_usuario, contrasena) VALUES ( 'de-jesusjorge', '1I%7pIo^k7');
INSERT INTO usuarios ( nombre_usuario, contrasena) VALUES ( 'cristinaverduzco', 'kei9NIvl**');
INSERT INTO usuarios ( nombre_usuario, contrasena) VALUES ( 'tacosta', 'vo3JHHMtn)');
INSERT INTO usuarios ( nombre_usuario, contrasena) VALUES ( 'carmenherrera', '!pPZU#y8F7');
INSERT INTO usuarios ( nombre_usuario, contrasena) VALUES ( 'sandraontiveros', '#SXsGnquN4');

-- UNIVERSITIES
INSERT INTO universidades (nombre, pais, idioma) VALUES
('Universidad Nacional Autónoma de México', 'México', 'Español'),
('Universidad de Buenos Aires', 'Argentina', 'Español'),
('Universidad de São Paulo', 'Brasil', 'Portugués'),
('Universidad de Chile', 'Chile', 'Español'),
('Universidad de Colombia', 'Colombia', 'Español'),
('Universidad de Lima', 'Perú', 'Español'),
('Universidad de Costa Rica', 'Costa Rica', 'Español'),
('Universidad de Barcelona', 'España', 'Español'),
('Universidad de Granada', 'España', 'Español'),
('Universidad Complutense de Madrid', 'España', 'Español'),
('Massachusetts Institute of Technology', 'Estados Unidos', 'Inglés'),
('Stanford University', 'Estados Unidos', 'Inglés'),
('Harvard University', 'Estados Unidos', 'Inglés'),
('University of California, Berkeley', 'Estados Unidos', 'Inglés'),
('University of Toronto', 'Canadá', 'Inglés'),
('McGill University', 'Canadá', 'Inglés'),
('University of British Columbia', 'Canadá', 'Inglés'),
('University of Cambridge', 'Reino Unido', 'Inglés'),
('University of Oxford', 'Reino Unido', 'Inglés'),
('London School of Economics', 'Reino Unido', 'Inglés'),
('École Polytechnique', 'Francia', 'Francés'),
('Sorbonne University', 'Francia', 'Francés'),
('Université de Montréal', 'Canadá', 'Francés'),
('Technical University of Munich', 'Alemania', 'Alemán'),
('Heidelberg University', 'Alemania', 'Alemán'),
('University of Tokyo', 'Japón', 'Japonés'),
('Seoul National University', 'Corea del Sur', 'Coreano'),
('National University of Singapore', 'Singapur', 'Inglés'),
('University of Sydney', 'Australia', 'Inglés'),
('University of Auckland', 'Nueva Zelanda', 'Inglés'),
('University of Cape Town', 'Sudáfrica', 'Inglés'),
('University of Nairobi', 'Kenia', 'Inglés'),
('Universidad de Salamanca', 'España', 'Español'),
('Universidad de Sevilla', 'España', 'Español'),
('Pontificia Universidad Católica de Chile', 'Chile', 'Español'),
('Universidad de Monterrey', 'México', 'Español'),
('Universidad Autónoma de Nuevo León', 'México', 'Español'),
('Universidad de Guadalajara', 'México', 'Español'),
('University of Edurgh', 'Reino Unido', 'Inglés'),
('University of Manchester', 'Reino Unido', 'Inglés'),
('University of Glasgow', 'Reino Unido', 'Inglés'),
('ETH Zurich', 'Suiza', 'Alemán'),
('University of Zurich', 'Suiza', 'Alemán'),
('University of Bern', 'Suiza', 'Alemán'),
('KU Leuven', 'Bélgica', 'Neerlandés'),
('Ghent University', 'Bélgica', 'Neerlandés'),
('University of Amsterdam', 'Países Bajos', 'Neerlandés'),
('Utrecht University', 'Países Bajos', 'Neerlandés'),
('University of Helsinki', 'Finlandia', 'Finlandés'),
('Aalto University', 'Finlandia', 'Finlandés'),
('Lomonosov Moscow State University', 'Rusia', 'Ruso'),
('Saint Petersburg State University', 'Rusia', 'Ruso'),
('University of Warsaw', 'Polonia', 'Polaco'),
('Jagiellonian University', 'Polonia', 'Polaco'),
('University of Prague', 'República Checa', 'Checo'),
('Charles University', 'República Checa', 'Checo'),
('University of Budapest', 'Hungría', 'Húngaro'),
('Eötvös Loránd University', 'Hungría', 'Húngaro'),
('National University of Kyiv-Mohyla Academy', 'Ucrania', 'Ucraniano'),
('University of Belgrade', 'Serbia', 'Serbio'),
('University of Zagreb', 'Croacia', 'Croata'),
('University of Sofia', 'Bulgaria', 'Búlgaro'),
('University of Bucharest', 'Rumania', 'Rumano'),
('University of Athens', 'Grecia', 'Griego'),
('National Technical University of Athens', 'Grecia', 'Griego'),
('University of Vienna', 'Austria', 'Alemán'),
('University of Graz', 'Austria', 'Alemán'),
('University of Lisbon', 'Portugal', 'Portugués'),
('University of Porto', 'Portugal', 'Portugués'),
('University of Iceland', 'Islandia', 'Islandés'),
('University of Oslo', 'Noruega', 'Noruego'),
('University of Copenhagen', 'Dinamarca', 'Danés'),
('University of Stockholm', 'Suecia', 'Sueco'),
('Lund University', 'Suecia', 'Sueco'),
('University of Helki', 'Finlandia', 'Finlandés'),
('University of Edinburgh', 'Reino Unido', 'Inglés'),
('University of New South Wales', 'Australia', 'Inglés'),
('University of Queensland', 'Australia', 'Inglés'),
('Monash University', 'Australia', 'Inglés'),
('University of Melbourne', 'Australia', 'Inglés'),
('University of Adelaide', 'Australia', 'Inglés'),
('University of Western Australia', 'Australia', 'Inglés'),
('University of Tasmania', 'Australia', 'Inglés'),
('University of Canterbury', 'Nueva Zelanda', 'Inglés'),
('Victoria University of Wellington', 'Nueva Zelanda', 'Inglés'),
('University of Otago', 'Nueva Zelanda', 'Inglés'),
('University of Alberta', 'Canadá', 'Inglés'),
('University of Calgary', 'Canadá', 'Inglés'),
('McMaster University', 'Canadá', 'Inglés'),
('Queen’s University', 'Canadá', 'Inglés'),
('Dalhousie University', 'Canadá', 'Inglés'),
('University of Waterloo', 'Canadá', 'Inglés'),
('University of Western Ontario', 'Canadá', 'Inglés'),
('University of Ottawa', 'Canadá', 'Inglés'),
('University of Montreal', 'Canadá', 'Francés'),
('Université Laval', 'Canadá', 'Francés');


-- APPLICATIONS
INSERT INTO solicitud ( id_alumno, estatus, fecha_solicitud) VALUES (1, 'aceptado', '2024-11-16');
INSERT INTO solicitud ( id_alumno, estatus, fecha_solicitud) VALUES (2, 'aceptado', '2024-08-12');
INSERT INTO solicitud ( id_alumno, estatus, fecha_solicitud) VALUES (3, 'aceptado', '2024-06-11');
INSERT INTO solicitud ( id_alumno, estatus, fecha_solicitud) VALUES (4, 'aceptado', '2024-09-20');
INSERT INTO solicitud ( id_alumno, estatus, fecha_solicitud) VALUES (5, 'aceptado', '2025-02-27');
INSERT INTO solicitud ( id_alumno, estatus, fecha_solicitud) VALUES (6, 'aceptado', '2025-03-09');
INSERT INTO solicitud ( id_alumno, estatus, fecha_solicitud) VALUES (7, 'aceptado', '2025-01-11');
INSERT INTO solicitud ( id_alumno, estatus, fecha_solicitud) VALUES (8, 'aceptado', '2024-08-25');
INSERT INTO solicitud ( id_alumno, estatus, fecha_solicitud) VALUES (9, 'aceptado', '2024-06-03');
INSERT INTO solicitud ( id_alumno, estatus, fecha_solicitud) VALUES (10, 'aceptado', '2024-07-26');
INSERT INTO solicitud ( id_alumno, estatus, fecha_solicitud) VALUES (11, 'aceptado', '2024-10-11');
INSERT INTO solicitud ( id_alumno, estatus, fecha_solicitud) VALUES (12, 'aceptado', '2024-05-13');
INSERT INTO solicitud ( id_alumno, estatus, fecha_solicitud) VALUES (13, 'aceptado', '2024-08-03');
INSERT INTO solicitud ( id_alumno, estatus, fecha_solicitud) VALUES (14, 'aceptado', '2025-01-04');
INSERT INTO solicitud ( id_alumno, estatus, fecha_solicitud) VALUES (15, 'aceptado', '2024-11-30');
INSERT INTO solicitud ( id_alumno, estatus, fecha_solicitud) VALUES (16, 'aceptado', '2024-05-13');
INSERT INTO solicitud ( id_alumno, estatus, fecha_solicitud) VALUES (17, 'aceptado', '2025-02-22');
INSERT INTO solicitud ( id_alumno, estatus, fecha_solicitud) VALUES (18, 'aceptado', '2025-04-13');
INSERT INTO solicitud ( id_alumno, estatus, fecha_solicitud) VALUES (19, 'aceptado', '2025-03-11');
INSERT INTO solicitud ( id_alumno, estatus, fecha_solicitud) VALUES (20, 'aceptado', '2024-05-31');
INSERT INTO solicitud ( id_alumno, estatus, fecha_solicitud) VALUES (21, 'aceptado', '2024-09-30');
INSERT INTO solicitud ( id_alumno, estatus, fecha_solicitud) VALUES (22, 'aceptado', '2024-11-18');
INSERT INTO solicitud ( id_alumno, estatus, fecha_solicitud) VALUES (23, 'aceptado', '2024-11-18');
INSERT INTO solicitud ( id_alumno, estatus, fecha_solicitud) VALUES (24, 'aceptado', '2025-04-22');
INSERT INTO solicitud ( id_alumno, estatus, fecha_solicitud) VALUES (25, 'aceptado', '2025-04-20');
INSERT INTO solicitud ( id_alumno, estatus, fecha_solicitud) VALUES (26, 'aceptado', '2024-12-21');
INSERT INTO solicitud ( id_alumno, estatus, fecha_solicitud) VALUES (27, 'aceptado', '2025-02-09');
INSERT INTO solicitud ( id_alumno, estatus, fecha_solicitud) VALUES (28, 'aceptado', '2025-03-24');
INSERT INTO solicitud ( id_alumno, estatus, fecha_solicitud) VALUES (29, 'aceptado', '2024-11-01');
INSERT INTO solicitud ( id_alumno, estatus, fecha_solicitud) VALUES (30, 'aceptado', '2025-03-13');
INSERT INTO solicitud ( id_alumno, estatus, fecha_solicitud) VALUES (31, 'aceptado', '2024-10-15');
INSERT INTO solicitud ( id_alumno, estatus, fecha_solicitud) VALUES (32, 'aceptado', '2024-05-26');
INSERT INTO solicitud ( id_alumno, estatus, fecha_solicitud) VALUES (33, 'aceptado', '2024-06-05');
INSERT INTO solicitud ( id_alumno, estatus, fecha_solicitud) VALUES (34, 'aceptado', '2024-09-27');
INSERT INTO solicitud ( id_alumno, estatus, fecha_solicitud) VALUES (35, 'aceptado', '2024-08-25');
INSERT INTO solicitud ( id_alumno, estatus, fecha_solicitud) VALUES (36, 'aceptado', '2025-03-17');
INSERT INTO solicitud ( id_alumno, estatus, fecha_solicitud) VALUES (37, 'aceptado', '2024-05-20');
INSERT INTO solicitud ( id_alumno, estatus, fecha_solicitud) VALUES (38, 'aceptado', '2025-03-20');
INSERT INTO solicitud ( id_alumno, estatus, fecha_solicitud) VALUES (39, 'aceptado', '2024-08-31');
INSERT INTO solicitud ( id_alumno, estatus, fecha_solicitud) VALUES (40, 'aceptado', '2024-08-04');
INSERT INTO solicitud ( id_alumno, estatus, fecha_solicitud) VALUES (41, 'aceptado', '2025-01-30');
INSERT INTO solicitud ( id_alumno, estatus, fecha_solicitud) VALUES (42, 'aceptado', '2024-10-09');
INSERT INTO solicitud ( id_alumno, estatus, fecha_solicitud) VALUES (43, 'aceptado', '2024-05-16');
INSERT INTO solicitud ( id_alumno, estatus, fecha_solicitud) VALUES (44, 'aceptado', '2024-11-14');
INSERT INTO solicitud ( id_alumno, estatus, fecha_solicitud) VALUES (45, 'aceptado', '2024-09-26');
INSERT INTO solicitud ( id_alumno, estatus, fecha_solicitud) VALUES (46, 'aceptado', '2024-11-23');
INSERT INTO solicitud ( id_alumno, estatus, fecha_solicitud) VALUES (47, 'aceptado', '2024-05-01');
INSERT INTO solicitud ( id_alumno, estatus, fecha_solicitud) VALUES (48, 'aceptado', '2024-06-21');
INSERT INTO solicitud ( id_alumno, estatus, fecha_solicitud) VALUES (49, 'aceptado', '2024-12-18');
INSERT INTO solicitud ( id_alumno, estatus, fecha_solicitud) VALUES (50, 'aceptado', '2025-01-12');
INSERT INTO solicitud ( id_alumno, estatus, fecha_solicitud) VALUES (51, 'aceptado', '2024-07-11');
INSERT INTO solicitud ( id_alumno, estatus, fecha_solicitud) VALUES (52, 'aceptado', '2024-07-12');
INSERT INTO solicitud ( id_alumno, estatus, fecha_solicitud) VALUES (53, 'aceptado', '2024-12-28');
INSERT INTO solicitud ( id_alumno, estatus, fecha_solicitud) VALUES (54, 'aceptado', '2024-07-13');
INSERT INTO solicitud ( id_alumno, estatus, fecha_solicitud) VALUES (55, 'aceptado', '2024-11-18');
INSERT INTO solicitud ( id_alumno, estatus, fecha_solicitud) VALUES (56, 'aceptado', '2024-08-17');
INSERT INTO solicitud ( id_alumno, estatus, fecha_solicitud) VALUES (57, 'aceptado', '2025-04-01');
INSERT INTO solicitud ( id_alumno, estatus, fecha_solicitud) VALUES (58, 'aceptado', '2024-10-29');
INSERT INTO solicitud ( id_alumno, estatus, fecha_solicitud) VALUES (59, 'aceptado', '2024-09-18');
INSERT INTO solicitud ( id_alumno, estatus, fecha_solicitud) VALUES (60, 'aceptado', '2024-06-16');
INSERT INTO solicitud ( id_alumno, estatus, fecha_solicitud) VALUES (61, 'aceptado', '2024-10-13');
INSERT INTO solicitud ( id_alumno, estatus, fecha_solicitud) VALUES (62, 'aceptado', '2025-03-01');
INSERT INTO solicitud ( id_alumno, estatus, fecha_solicitud) VALUES (63, 'aceptado', '2024-04-30');
INSERT INTO solicitud ( id_alumno, estatus, fecha_solicitud) VALUES (64, 'aceptado', '2024-05-12');
INSERT INTO solicitud ( id_alumno, estatus, fecha_solicitud) VALUES (65, 'aceptado', '2024-09-19');
INSERT INTO solicitud ( id_alumno, estatus, fecha_solicitud) VALUES (66, 'aceptado', '2025-01-14');
INSERT INTO solicitud ( id_alumno, estatus, fecha_solicitud) VALUES (67, 'aceptado', '2025-01-13');
INSERT INTO solicitud ( id_alumno, estatus, fecha_solicitud) VALUES (68, 'aceptado', '2024-06-18');
INSERT INTO solicitud ( id_alumno, estatus, fecha_solicitud) VALUES (69, 'aceptado', '2025-01-28');
INSERT INTO solicitud ( id_alumno, estatus, fecha_solicitud) VALUES (70, 'aceptado', '2025-03-24');
INSERT INTO solicitud ( id_alumno, estatus, fecha_solicitud) VALUES (71, 'aceptado', '2024-06-02');
INSERT INTO solicitud ( id_alumno, estatus, fecha_solicitud) VALUES (72, 'aceptado', '2025-02-04');
INSERT INTO solicitud ( id_alumno, estatus, fecha_solicitud) VALUES (73, 'aceptado', '2025-02-05');
INSERT INTO solicitud ( id_alumno, estatus, fecha_solicitud) VALUES (74, 'aceptado', '2025-02-02');
INSERT INTO solicitud ( id_alumno, estatus, fecha_solicitud) VALUES (75, 'aceptado', '2025-01-19');
INSERT INTO solicitud ( id_alumno, estatus, fecha_solicitud) VALUES (76, 'aceptado', '2024-07-11');
INSERT INTO solicitud ( id_alumno, estatus, fecha_solicitud) VALUES (77, 'aceptado', '2024-10-02');
INSERT INTO solicitud ( id_alumno, estatus, fecha_solicitud) VALUES (78, 'aceptado', '2024-05-14');
INSERT INTO solicitud ( id_alumno, estatus, fecha_solicitud) VALUES (79, 'aceptado', '2024-06-01');
INSERT INTO solicitud ( id_alumno, estatus, fecha_solicitud) VALUES (80, 'aceptado', '2024-07-04');
INSERT INTO solicitud ( id_alumno, estatus, fecha_solicitud) VALUES (81, 'aceptado', '2024-06-17');
INSERT INTO solicitud ( id_alumno, estatus, fecha_solicitud) VALUES (82, 'aceptado', '2024-05-29');
INSERT INTO solicitud ( id_alumno, estatus, fecha_solicitud) VALUES (83, 'aceptado', '2024-06-14');
INSERT INTO solicitud ( id_alumno, estatus, fecha_solicitud) VALUES (84, 'aceptado', '2024-10-14');
INSERT INTO solicitud ( id_alumno, estatus, fecha_solicitud) VALUES (85, 'aceptado', '2024-08-05');
INSERT INTO solicitud ( id_alumno, estatus, fecha_solicitud) VALUES (86, 'aceptado', '2024-06-07');
INSERT INTO solicitud ( id_alumno, estatus, fecha_solicitud) VALUES (87, 'aceptado', '2024-07-28');
INSERT INTO solicitud ( id_alumno, estatus, fecha_solicitud) VALUES (88, 'aceptado', '2024-07-16');
INSERT INTO solicitud ( id_alumno, estatus, fecha_solicitud) VALUES (89, 'aceptado', '2025-02-04');
INSERT INTO solicitud ( id_alumno, estatus, fecha_solicitud) VALUES (90, 'aceptado', '2025-02-14');
INSERT INTO solicitud ( id_alumno, estatus, fecha_solicitud) VALUES (91, 'aceptado', '2024-05-14');
INSERT INTO solicitud ( id_alumno, estatus, fecha_solicitud) VALUES (92, 'aceptado', '2025-03-13');
INSERT INTO solicitud ( id_alumno, estatus, fecha_solicitud) VALUES (93, 'aceptado', '2024-07-21');
INSERT INTO solicitud ( id_alumno, estatus, fecha_solicitud) VALUES (94, 'aceptado', '2024-07-07');
INSERT INTO solicitud ( id_alumno, estatus, fecha_solicitud) VALUES (95, 'aceptado', '2024-10-28');
INSERT INTO solicitud ( id_alumno, estatus, fecha_solicitud) VALUES (96, 'aceptado', '2024-08-15');
INSERT INTO solicitud ( id_alumno, estatus, fecha_solicitud) VALUES (97, 'aceptado', '2025-04-20');
INSERT INTO solicitud ( id_alumno, estatus, fecha_solicitud) VALUES (98, 'aceptado', '2024-08-30');
INSERT INTO solicitud ( id_alumno, estatus, fecha_solicitud) VALUES (99, 'aceptado', '2024-09-15');
INSERT INTO solicitud ( id_alumno, estatus, fecha_solicitud) VALUES (100, 'aceptado', '2025-02-21');



-- EXCHANGES
INSERT INTO intercambio (id_solicitud, fecha_inicio, fecha_fin, id_universidad, alumno_recibido) VALUES
(1, '2024-01-15', '2024-07-15', 50, 'Sofía Martínez'),
(2, '2024-02-01', '2024-08-01', 56, 'Carlos Ríos'),
(3, '2024-03-10', '2024-09-10', 91, 'Valeria López'),
(4, '2024-04-05', '2024-10-05', 21, 'Diego Navarro'),
(5, '2024-05-20', '2024-11-20', 58, 'Fernanda Ruiz'),
(6, '2024-06-10', '2025-01-10', 42, 'Luis Herrera'),
(7, '2024-07-01', '2025-01-01', 46, 'Daniela Ortega'),
(8, '2024-08-15', '2025-02-15', 13, 'Pablo Gómez'),
(9, '2024-09-10', '2025-03-10', 25, 'Camila Mendoza'),
(10, '2024-10-01', '2025-04-01', 54, 'Andrés Jiménez'),
(11, '2024-01-15', '2025-01-15', 45, 'Mariana Silva'),
(12, '2024-02-20', '2025-02-20', 51, 'Alejandro Paredes'),
(13, '2024-03-05', '2024-09-05', 20, 'Lucía Torres'),
(14, '2024-04-01', '2024-10-01', 74, 'Iván Peña'),
(15, '2024-05-10', '2024-11-10', 11, 'Renata Castro'),
(16, '2024-06-15', '2024-12-15', 16, 'Tomás Duarte'),
(17, '2024-07-01', '2025-01-01', 89, 'Elena Vázquez'),
(18, '2024-08-01', '2025-02-01', 79, 'Jorge Cordero'),
(19, '2024-09-15', '2025-03-15', 65, 'Isabella Núñez'),
(20, '2024-10-10', '2025-04-10', 59, 'Mateo Estrada'),
(21, '2024-01-20', '2024-07-20', 28, 'Mónica Salas'),
(22, '2024-02-25', '2024-08-25', 35, 'Rodrigo Vera'),
(23, '2024-03-10', '2024-09-10', 90, 'Regina Ayala'),
(24, '2024-04-15', '2024-10-15', 52, 'Santiago Mejía'),
(25, '2024-05-05', '2024-11-05', 27, 'Laura Palacios'),
(26, '2024-06-01', '2024-12-01', 22, 'Ricardo Benítez'),
(27, '2024-07-10', '2025-01-10', 12, 'Natalia Robles'),
(28, '2024-08-20', '2025-02-20', 24, 'Emiliano Cano'),
(29, '2024-09-01', '2025-03-01', 37, 'Victoria Mena'),
(30, '2024-10-05', '2025-04-05', 10, 'Sebastián Rangel'),
(31, '2024-01-01', '2024-07-01', 8, 'Marifer Solís'),
(32, '2024-02-01', '2024-08-01', 2, 'Bruno Chávez'),
(33, '2024-03-15', '2024-09-15', 4, 'Alexa Ibarra'),
(34, '2024-04-10', '2024-10-10', 5, 'Axel Villalobos'),
(35, '2024-05-20', '2024-11-20', 7, 'Julieta Castañeda'),
(36, '2024-06-15', '2024-12-15', 9, 'Diego Solano'),
(37, '2024-07-10', '2025-01-10', 38, 'Ximena Hoyos'),
(38, '2024-08-01', '2025-02-01', 6, 'Gabriel Piña'),
(39, '2024-09-15', '2025-03-15', 36, 'Paola Aguirre'),
(40, '2024-10-20', '2025-04-20', 33, 'Julián Figueroa'),
(41, '2024-01-05', '2024-07-05', 3, 'Nicole Carrillo'),
(42, '2024-02-15', '2024-08-15', 34, 'Hugo Zamora'),
(43, '2024-03-25', '2024-09-25', 1, 'Paulina Leal'),
(44, '2024-04-30', '2024-10-30', 23, 'Alan Cervantes'),
(45, '2024-05-01', '2024-11-01', 96, 'Claudia Báez'),
(46, '2024-06-20', '2024-12-20', 81, 'Marco Jurado'),
(47, '2024-07-25', '2025-01-25', 87, 'Aranza Morales'),
(48, '2024-08-05', '2025-02-05', 47, 'Eduardo Peralta'),
(49, '2024-09-10', '2025-03-10', 64, 'Mariela Sosa'),
(50, '2024-10-15', '2025-04-15', 30, 'Ángel Pino'),
(51, '2024-01-10', '2024-07-10', 60, 'Jimena Cárdenas'),
(52, '2024-02-20', '2024-08-20', 44, 'Esteban Márquez'),
(53, '2024-03-05', '2024-09-05', 17, 'Adriana Farías'),
(54, '2024-04-01', '2024-10-01', 63, 'Raúl Becerra'),
(55, '2024-05-10', '2024-11-10', 57, 'Carla Andrade'),
(56, '2024-06-01', '2024-12-01', 88, 'Leonardo Ríos'),
(57, '2024-07-01', '2025-01-01', 14, 'Montserrat Acosta'),
(58, '2024-08-10', '2025-02-10', 18, 'Fabián Trejo'),
(59, '2024-09-15', '2025-03-15', 84, 'Sara Olmedo'),
(60, '2024-10-20', '2025-04-20', 31, 'Óscar Medina'),
(61, '2024-01-25', '2024-07-25', 72, 'Inés Del Real'),
(62, '2024-02-10', '2024-08-10', 76, 'Raquel Cedillo'),
(63, '2024-03-20', '2024-09-20', 39, 'Damián Barajas'),
(64, '2024-04-15', '2024-10-15', 41, 'Julia Arriaga'),
(65, '2024-05-01', '2024-11-01', 67, 'Rafael Leiva'),
(66, '2024-06-10', '2024-12-10', 75, 'Gloria Ceballos'),
(67, '2024-07-20', '2025-01-20', 49, 'Mauricio Peñaloza'),
(68, '2024-08-05', '2025-02-05', 70, 'Elisa Briones'),
(69, '2024-09-01', '2025-03-01', 68, 'Iván Alfaro'),
(70, '2024-10-10', '2025-04-10', 40, 'Lorena Arcos'),
(71, '2024-01-01', '2025-01-01', 80, 'Arturo Del Valle'),
(72, '2024-02-01', '2025-02-01', 95, 'Romina Bastida'),
(73, '2024-03-01', '2024-09-01', 32, 'Enrique Rosales'),
(74, '2024-04-01', '2024-10-01', 77, 'Gabriela Tirado'),
(75, '2024-05-01', '2024-11-01', 71, 'Maximiliano Mota'),
(76, '2024-06-01', '2024-12-01', 86, 'Nadia Parra'),
(77, '2024-07-01', '2025-01-01', 94, 'Omar Luna'),
(78, '2024-08-01', '2025-02-01', 19, 'Violeta Lerma'),
(79, '2024-09-01', '2025-03-01', 69, 'Samuel Aranda'),
(80, '2024-10-01', '2025-04-01', 55, 'Maribel Casillas'),
(81, '2024-01-15', '2024-07-15', 78, 'Isaac Nájera'),
(82, '2024-02-20', '2024-08-20', 62, 'Diana Alcántara'),
(83, '2024-03-05', '2024-09-05', 73, 'Gael Cortés'),
(84, '2024-04-10', '2024-10-10', 29, 'Bianca Esparza'),
(85, '2024-05-15', '2024-11-15', 83, 'René Saucedo'),
(86, '2024-06-10', '2024-12-10', 26, 'Luz Galván'),
(87, '2024-07-05', '2025-01-05', 15, 'Sergio Godínez'),
(88, '2024-08-15', '2025-02-15', 66, 'Patricia Muro'),
(89, '2024-09-10', '2025-03-10', 53, 'Armando Alcocer'),
(90, '2024-10-01', '2025-04-01', 92, 'Rebeca Licea'),
(91, '2024-01-20', '2024-07-20', 82, 'Lorenzo Merino'),
(92, '2024-02-25', '2024-08-25', 93, 'Ariana Llamas'),
(93, '2024-03-01', '2024-09-01', 61, 'Kevin Escamilla'),
(94, '2024-04-01', '2024-10-01', 43, 'Carmen Labastida'),
(95, '2024-05-01', '2024-11-01', 48, 'Marcos Tinoco'),
(96, '2024-06-01', '2024-12-01', 85, 'Luisa Barrientos'),
(97, '2024-07-01', '2025-01-01', 91, 'Dante Fonseca'),
(98, '2024-08-01', '2025-02-01', 84, 'Silvia Rincón'),
(99, '2024-09-01', '2025-03-01', 36, 'Jaime Tapia'),
(100, '2024-10-01', '2025-04-01', 17, 'Nataly Olivares');

-- STUDENT_LANGUAGE
INSERT INTO alumno_idioma (id_alumno, id_idioma) VALUES (1, 1);
INSERT INTO alumno_idioma (id_alumno, id_idioma) VALUES (2, 2);
INSERT INTO alumno_idioma (id_alumno, id_idioma) VALUES (3, 3);
INSERT INTO alumno_idioma (id_alumno, id_idioma) VALUES (4, 4);
INSERT INTO alumno_idioma (id_alumno, id_idioma) VALUES (5, 5);
INSERT INTO alumno_idioma (id_alumno, id_idioma) VALUES (6, 1);
INSERT INTO alumno_idioma (id_alumno, id_idioma) VALUES (7, 2);
INSERT INTO alumno_idioma (id_alumno, id_idioma) VALUES (8, 3);
INSERT INTO alumno_idioma (id_alumno, id_idioma) VALUES (9, 4);
INSERT INTO alumno_idioma (id_alumno, id_idioma) VALUES (10, 5);
INSERT INTO alumno_idioma (id_alumno, id_idioma) VALUES (11, 1);
INSERT INTO alumno_idioma (id_alumno, id_idioma) VALUES (12, 2);
INSERT INTO alumno_idioma (id_alumno, id_idioma) VALUES (13, 3);
INSERT INTO alumno_idioma (id_alumno, id_idioma) VALUES (14, 4);
INSERT INTO alumno_idioma (id_alumno, id_idioma) VALUES (14, 3);
INSERT INTO alumno_idioma (id_alumno, id_idioma) VALUES (15, 5);
INSERT INTO alumno_idioma (id_alumno, id_idioma) VALUES (16, 1);
INSERT INTO alumno_idioma (id_alumno, id_idioma) VALUES (17, 2);
INSERT INTO alumno_idioma (id_alumno, id_idioma) VALUES (18, 3);
INSERT INTO alumno_idioma (id_alumno, id_idioma) VALUES (19, 4);
INSERT INTO alumno_idioma (id_alumno, id_idioma) VALUES (20, 5);
INSERT INTO alumno_idioma (id_alumno, id_idioma) VALUES (21, 1);
INSERT INTO alumno_idioma (id_alumno, id_idioma) VALUES (22, 2);
INSERT INTO alumno_idioma (id_alumno, id_idioma) VALUES (23, 3);
INSERT INTO alumno_idioma (id_alumno, id_idioma) VALUES (24, 4);
INSERT INTO alumno_idioma (id_alumno, id_idioma) VALUES (25, 5);
INSERT INTO alumno_idioma (id_alumno, id_idioma) VALUES (26, 1);
INSERT INTO alumno_idioma (id_alumno, id_idioma) VALUES (27, 2);
INSERT INTO alumno_idioma (id_alumno, id_idioma) VALUES (28, 3);
INSERT INTO alumno_idioma (id_alumno, id_idioma) VALUES (29, 4);
INSERT INTO alumno_idioma (id_alumno, id_idioma) VALUES (29, 6);
INSERT INTO alumno_idioma (id_alumno, id_idioma) VALUES (30, 5);
INSERT INTO alumno_idioma (id_alumno, id_idioma) VALUES (31, 1);
INSERT INTO alumno_idioma (id_alumno, id_idioma) VALUES (32, 2);
INSERT INTO alumno_idioma (id_alumno, id_idioma) VALUES (33, 3);
INSERT INTO alumno_idioma (id_alumno, id_idioma) VALUES (34, 4);
INSERT INTO alumno_idioma (id_alumno, id_idioma) VALUES (35, 5);
INSERT INTO alumno_idioma (id_alumno, id_idioma) VALUES (36, 1);
INSERT INTO alumno_idioma (id_alumno, id_idioma) VALUES (37, 2);
INSERT INTO alumno_idioma (id_alumno, id_idioma) VALUES (38, 3);
INSERT INTO alumno_idioma (id_alumno, id_idioma) VALUES (39, 4);
INSERT INTO alumno_idioma (id_alumno, id_idioma) VALUES (40, 5);
INSERT INTO alumno_idioma (id_alumno, id_idioma) VALUES (41, 1);
INSERT INTO alumno_idioma (id_alumno, id_idioma) VALUES (41, 2);
INSERT INTO alumno_idioma (id_alumno, id_idioma) VALUES (42, 2);
INSERT INTO alumno_idioma (id_alumno, id_idioma) VALUES (43, 3);
INSERT INTO alumno_idioma (id_alumno, id_idioma) VALUES (44, 4);
INSERT INTO alumno_idioma (id_alumno, id_idioma) VALUES (45, 5);
INSERT INTO alumno_idioma (id_alumno, id_idioma) VALUES (45, 1);
INSERT INTO alumno_idioma (id_alumno, id_idioma) VALUES (46, 1);
INSERT INTO alumno_idioma (id_alumno, id_idioma) VALUES (47, 2);
INSERT INTO alumno_idioma (id_alumno, id_idioma) VALUES (48, 3);
INSERT INTO alumno_idioma (id_alumno, id_idioma) VALUES (49, 4);
INSERT INTO alumno_idioma (id_alumno, id_idioma) VALUES (50, 5);
INSERT INTO alumno_idioma (id_alumno, id_idioma) VALUES (51, 1);
INSERT INTO alumno_idioma (id_alumno, id_idioma) VALUES (52, 2);
INSERT INTO alumno_idioma (id_alumno, id_idioma) VALUES (53, 3);
INSERT INTO alumno_idioma (id_alumno, id_idioma) VALUES (54, 4);
INSERT INTO alumno_idioma (id_alumno, id_idioma) VALUES (55, 5);
INSERT INTO alumno_idioma (id_alumno, id_idioma) VALUES (56, 1);
INSERT INTO alumno_idioma (id_alumno, id_idioma) VALUES (57, 2);
INSERT INTO alumno_idioma (id_alumno, id_idioma) VALUES (58, 3);
INSERT INTO alumno_idioma (id_alumno, id_idioma) VALUES (59, 4);
INSERT INTO alumno_idioma (id_alumno, id_idioma) VALUES (60, 5);
INSERT INTO alumno_idioma (id_alumno, id_idioma) VALUES (61, 1);
INSERT INTO alumno_idioma (id_alumno, id_idioma) VALUES (62, 2);
INSERT INTO alumno_idioma (id_alumno, id_idioma) VALUES (63, 3);
INSERT INTO alumno_idioma (id_alumno, id_idioma) VALUES (64, 4);
INSERT INTO alumno_idioma (id_alumno, id_idioma) VALUES (65, 5);
INSERT INTO alumno_idioma (id_alumno, id_idioma) VALUES (66, 1);
INSERT INTO alumno_idioma (id_alumno, id_idioma) VALUES (67, 2);
INSERT INTO alumno_idioma (id_alumno, id_idioma) VALUES (68, 3);
INSERT INTO alumno_idioma (id_alumno, id_idioma) VALUES (69, 4);
INSERT INTO alumno_idioma (id_alumno, id_idioma) VALUES (70, 5);
INSERT INTO alumno_idioma (id_alumno, id_idioma) VALUES (71, 1);
INSERT INTO alumno_idioma (id_alumno, id_idioma) VALUES (72, 2);
INSERT INTO alumno_idioma (id_alumno, id_idioma) VALUES (73, 3);
INSERT INTO alumno_idioma (id_alumno, id_idioma) VALUES (74, 4);
INSERT INTO alumno_idioma (id_alumno, id_idioma) VALUES (75, 5);
INSERT INTO alumno_idioma (id_alumno, id_idioma) VALUES (76, 1);
INSERT INTO alumno_idioma (id_alumno, id_idioma) VALUES (77, 2);
INSERT INTO alumno_idioma (id_alumno, id_idioma) VALUES (78, 3);
INSERT INTO alumno_idioma (id_alumno, id_idioma) VALUES (79, 4);
INSERT INTO alumno_idioma (id_alumno, id_idioma) VALUES (80, 5);
INSERT INTO alumno_idioma (id_alumno, id_idioma) VALUES (81, 1);
INSERT INTO alumno_idioma (id_alumno, id_idioma) VALUES (82, 2);
INSERT INTO alumno_idioma (id_alumno, id_idioma) VALUES (82, 7);
INSERT INTO alumno_idioma (id_alumno, id_idioma) VALUES (82, 1);
INSERT INTO alumno_idioma (id_alumno, id_idioma) VALUES (83, 3);
INSERT INTO alumno_idioma (id_alumno, id_idioma) VALUES (84, 4);
INSERT INTO alumno_idioma (id_alumno, id_idioma) VALUES (85, 5);
INSERT INTO alumno_idioma (id_alumno, id_idioma) VALUES (86, 1);
INSERT INTO alumno_idioma (id_alumno, id_idioma) VALUES (87, 2);
INSERT INTO alumno_idioma (id_alumno, id_idioma) VALUES (88, 3);
INSERT INTO alumno_idioma (id_alumno, id_idioma) VALUES (89, 4);
INSERT INTO alumno_idioma (id_alumno, id_idioma) VALUES (90, 5);
INSERT INTO alumno_idioma (id_alumno, id_idioma) VALUES (91, 1);
INSERT INTO alumno_idioma (id_alumno, id_idioma) VALUES (92, 2);
INSERT INTO alumno_idioma (id_alumno, id_idioma) VALUES (93, 3);
INSERT INTO alumno_idioma (id_alumno, id_idioma) VALUES (94, 4);
INSERT INTO alumno_idioma (id_alumno, id_idioma) VALUES (95, 5);
INSERT INTO alumno_idioma (id_alumno, id_idioma) VALUES (96, 1);
INSERT INTO alumno_idioma (id_alumno, id_idioma) VALUES (97, 2);
INSERT INTO alumno_idioma (id_alumno, id_idioma) VALUES (98, 3);
INSERT INTO alumno_idioma (id_alumno, id_idioma) VALUES (99, 4);
INSERT INTO alumno_idioma (id_alumno, id_idioma) VALUES (100, 5);
